volume	band	competition	keyword
50000	10K-100K	Medium	garde manger
50000	10K-100K	High	vanité salle de bain
50000	10K-100K	High	vanité de salle de bain
50000	10K-100K	High	salle de bain vanité
50000	10K-100K	High	vanité pour salle de bain
50000	10K-100K	High	vanity de salle de bain
50000	10K-100K	High	vanite de salle bain
5000	1K-10K	High	armoire de cuisine
5000	1K-10K	High	meuble lavabo
5000	1K-10K	High	vasque salle de bain
5000	1K-10K	High	meuble lavabo salle de bain
5000	1K-10K	High	vanite salle bain
5000	1K-10K	High	armoire cuisine
5000	1K-10K	High	evier salle de bain
5000	1K-10K	High	vanité salle de bain liquidation
5000	1K-10K	High	armoire de cuisine liquidation
5000	1K-10K	High	ikea armoire cuisine
5000	1K-10K	High	armoire de cuisine ikea
5000	1K-10K	High	liquidation armoire de cuisine
5000	1K-10K	High	vasque de salle de bain
5000	1K-10K	High	vanité salle de bain ikea
5000	1K-10K	High	lavabos salle de bain
5000	1K-10K	High	lavabo meuble salle de bain
5000	1K-10K	High	meuble salle de bain lavabo
5000	1K-10K	High	meuble de lavabo salle de bain
5000	1K-10K	High	vasque salle de bains
5000	1K-10K	High	lavabo meuble
5000	1K-10K	High	evier de salle de bain
5000	1K-10K	High	lavabo et meuble salle de bain
5000	1K-10K	High	liquidation vanité salle de bain
5000	1K-10K	High	vasque pour salle de bain
5000	1K-10K	High	meuble pour lavabo
5000	1K-10K	High	meuble et lavabo salle de bain
5000	1K-10K	High	ikea vanité salle de bain
5000	1K-10K	High	armoires de cuisines
5000	1K-10K	High	meuble pour lavabo salle de bain
5000	1K-10K	High	salle de bain vasque
5000	1K-10K	High	vanité de salle de bain ikea
5000	1K-10K	High	ikea vanite
5000	1K-10K	High	ikea vanité de salle de bain
5000	1K-10K	High	meuble de salle de bain lavabo
5000	1K-10K	High	armoir de cuisine ikea
5000	1K-10K	High	cuisine armoires
5000	1K-10K	High	lavabo et meuble
5000	1K-10K	High	lavabo salle de bain meuble
5000	1K-10K	High	meuble lavabo pour salle de bain
5000	1K-10K	High	meuble et lavabo
5000	1K-10K	High	salle de bain meuble lavabo
5000	1K-10K	High	lavabo salle de bain et meuble
5000	1K-10K	High	salle de bain lavabo meuble
5000	1K-10K	High	salle de bain evier
5000	1K-10K	High	meuble salle de bain et lavabo
5000	1K-10K	High	armoires de salles de bains
5000	1K-10K	High	armoires salles de bain
5000	1K-10K	Low	armoirespmm
5000	1K-10K	High	lavabo et meuble de salle de bain
5000	1K-10K	High	liquidation armoires de cuisine
5000	1K-10K	High	liquidation de vanité de salle de bain
5000	1K-10K	High	liquidation vanité de salle de bain
5000	1K-10K	High	meuble de lavabo de salle de bain
5000	1K-10K	High	meuble de lavabo pour salle de bain
5000	1K-10K	High	meuble salle de bain pour lavabo
5000	1K-10K	High	meuble sur lavabo
5000	1K-10K	High	vanité de salle de bain liquidation
5000	1K-10K	High	vanités salle de bain ikea
5000	1K-10K	High	évier de cuisine
5000	1K-10K	High	robinet de cuisine
5000	1K-10K	High	hotte de cuisine
5000	1K-10K	High	comptoir de cuisine
5000	1K-10K	High	îlot de cuisine
5000	1K-10K	High	pharmacie salle de bain
5000	1K-10K	High	robinet salle de bain
5000	1K-10K	High	dosseret cuisine
5000	1K-10K	High	evier cuisine
5000	1K-10K	High	robinet cuisine
5000	1K-10K	High	ilot de cuisine
5000	1K-10K	High	hotte cuisine
5000	1K-10K	High	ilot cuisine
5000	1K-10K	High	hotte encastrable
5000	1K-10K	High	evier
5000	1K-10K	High	robinetterie salle de bain
5000	1K-10K	High	comptoir quartz
5000	1K-10K	High	lavabo cuisine
5000	1K-10K	High	robinet douche
5000	1K-10K	High	robinet de douche
5000	1K-10K	High	hotte de poele
5000	1K-10K	High	comptoir cuisine
5000	1K-10K	High	robinet douchette
5000	1K-10K	High	comptoir stratifié
5000	1K-10K	High	ilot de cuisine ikea
5000	1K-10K	High	comptoir salle de bain
5000	1K-10K	High	comptoir en quartz
5000	1K-10K	High	robinet de salle de bain
5000	1K-10K	High	robinet de bain
5000	1K-10K	High	ilot ikea
5000	1K-10K	High	dekton comptoir
5000	1K-10K	High	robinetterie bain douche
5000	1K-10K	High	robinet bain
5000	1K-10K	High	îlot cuisine
5000	1K-10K	High	pharmacie de salle de bain
5000	1K-10K	High	comptoir de salle de bain
5000	1K-10K	High	comptoirs de cuisine
5000	1K-10K	High	céramique dosseret
5000	1K-10K	High	hotte pour cuisine
5000	1K-10K	High	ilot pour cuisine
5000	1K-10K	High	hottes
5000	1K-10K	High	céramique dosseret cuisine
5000	1K-10K	High	ikea comptoir
5000	1K-10K	High	stratifié comptoir
5000	1K-10K	High	ikea ilot de cuisine
5000	1K-10K	High	pharmacie pour salle de bain
5000	1K-10K	High	dosseret ceramique
5000	1K-10K	High	robinetterie riobel
5000	1K-10K	High	hotte de cuisson
5000	1K-10K	High	comptoir en stratifié
5000	1K-10K	High	îlot pour cuisine
5000	1K-10K	High	ceramique pour dosseret cuisine
5000	1K-10K	High	robinet pour bain
5000	1K-10K	High	hot de poele
5000	1K-10K	High	céramique pour dosseret
5000	1K-10K	High	cuisine evier
5000	1K-10K	High	dosseret céramique cuisine
5000	1K-10K	High	cuisine hotte
5000	1K-10K	High	évier pour cuisine
5000	1K-10K	High	céramique cuisine dosseret
5000	1K-10K	High	ilots de cuisine ikea
5000	1K-10K	High	îlot ikea
5000	1K-10K	High	hotte à encastrer
5000	1K-10K	High	dosseret cuisine céramique
5000	1K-10K	High	hot pour cuisine
5000	1K-10K	High	robinetteries salle de bain
5000	1K-10K	High	comptoir au quartz
5000	1K-10K	High	cuisine robinet
5000	1K-10K	High	robinet pour la cuisine
5000	1K-10K	High	salle de bain robinet
5000	1K-10K	High	stratifié pour comptoir
5000	1K-10K	High	riobel robinetterie
5000	1K-10K	High	cuisine dosseret
5000	1K-10K	High	bois comptoir
5000	1K-10K	High	comptoirs en bois
5000	1K-10K	High	comptoirs ikea
5000	1K-10K	High	dosseret cuisine ceramique
5000	1K-10K	High	dosseret en ceramique
5000	1K-10K	High	dosserets autocollants
5000	1K-10K	High	ikea ilots de cuisine
5000	1K-10K	High	ilot dans cuisine
5000	1K-10K	High	ilot de cuisin
5000	1K-10K	High	pharmacie de salle bain
5000	1K-10K	High	pharmacie de salle de bains
5000	1K-10K	High	robinet de douchette
5000	1K-10K	High	robinet et douche
5000	1K-10K	High	robinet et douchette
5000	1K-10K	High	robinet pour la douche
5000	1K-10K	High	robinetteries cuisine
5000	1K-10K	High	salle de bain comptoir
5000	1K-10K	High	salle de bain pharmacie
500	100-1K	High	caisson de cuisine
500	100-1K	High	caisson cuisine
500	100-1K	High	meuble rangement cuisine
500	100-1K	High	caisson ikea
500	100-1K	High	meuble de rangement cuisine
500	100-1K	High	meuble cuisine rangement
500	100-1K	High	armoire de cuisine pas cher
500	100-1K	High	armoire garde manger
500	100-1K	High	lavabo ikea
500	100-1K	High	fabricant armoire de cuisine
500	100-1K	High	armoire cuisine rangement
500	100-1K	High	placard de rangement
500	100-1K	High	armoire penderie bois
500	100-1K	High	armoire de rangement cuisine
500	100-1K	High	armoire de cuisine liquidation ikea
500	100-1K	High	ikea lavabo
500	100-1K	High	mini lavabo
500	100-1K	High	meuble lavabo ikea
500	100-1K	Medium	miralis cuisine
500	100-1K	High	vanité salle de bain 60 pouces
500	100-1K	High	caisson cuisine ikea
500	100-1K	High	porte armoire cuisine
500	100-1K	High	vanité salle de bain 48 pouces
500	100-1K	High	armoire rangement cuisine
500	100-1K	High	vanité salle de bain pas cher
500	100-1K	High	armoire de cuisine sur mesure
500	100-1K	High	lavabo salle de bain ikea
500	100-1K	High	ikea caisson
500	100-1K	High	meuble lavabo double
500	100-1K	High	vanité 60 pouces
500	100-1K	High	fabricant d armoire de cuisine
500	100-1K	High	placard rangement
500	100-1K	High	meuble lavabo 48 pouces
500	100-1K	High	rangement armoire cuisine
500	100-1K	High	vanité 48 pouces
500	100-1K	High	porte armoire de cuisine liquidation
500	100-1K	High	porte d armoire de cuisine
500	100-1K	High	meuble lavabo bois
500	100-1K	High	lavabo double salle de bain
500	100-1K	High	meuble vanité salle de bain
500	100-1K	High	ikea pax caisson
500	100-1K	High	meuble lavabo 24 pouces
500	100-1K	High	cabinet de cuisine
500	100-1K	High	ikea meuble lavabo
500	100-1K	High	caisson ikea cuisine
500	100-1K	High	meuble sur mesure salle de bain
500	100-1K	High	cabinet cuisine
500	100-1K	High	armoire micro onde
500	100-1K	High	vanité 36 pouces
500	100-1K	High	meuble de cuisine rangement
500	100-1K	High	petit meuble lavabo
500	100-1K	High	meuble lavabo 30 pouces
500	100-1K	High	lavabo vasque salle de bain
500	100-1K	High	meuble lavabo 36 pouces
500	100-1K	High	salle de montre cuisine
500	100-1K	High	vanité 24 pouces
500	100-1K	High	ikea armoire de cuisine
500	100-1K	High	vanité salle de bain 36 pouces
500	100-1K	High	vanité salle de bain 42 pouces
500	100-1K	High	rona armoire de cuisine
500	100-1K	High	lavabo salle de bain avec meuble
500	100-1K	High	bain depot vanité
500	100-1K	Medium	module armoire de cuisine à donner
500	100-1K	High	meuble lavabo 60 pouces
500	100-1K	High	vanité salle de bain bois
500	100-1K	High	double lavabo salle de bain
500	100-1K	High	petit meuble lavabo salle de bain
500	100-1K	High	ikea caisson cuisine
500	100-1K	High	vanité salle de bain 24 pouces
500	100-1K	High	vanité salle de bain 72 pouces
500	100-1K	High	vanité 72 pouces
500	100-1K	High	vanité double salle de bain
500	100-1K	High	rona meuble lavabo
500	100-1K	High	home depot armoire de cuisine
500	100-1K	High	vanite salle bain ikea
500	100-1K	High	meubles salle de bain sur mesure
500	100-1K	High	rona vanité
500	100-1K	High	vanité 30 pouces
500	100-1K	High	meuble lavabo salle de bain ikea
500	100-1K	High	armoire de cuisine ikea prix
500	100-1K	High	petite vanité salle de bain
500	100-1K	High	vanité salle de bain 30 pouces
500	100-1K	Medium	armoire miralis
500	100-1K	High	armoire de cuisine a vendre
500	100-1K	High	armoire de cuisine blanche
500	100-1K	High	armoire de cuisine en bois
500	100-1K	High	armoire de cuisine rona
500	100-1K	High	vanite double salle bain
500	100-1K	Medium	armoire thermoplastique
500	100-1K	High	vanité salle de bain home depot
500	100-1K	High	vanité 42 pouces
500	100-1K	High	home depot vanité
500	100-1K	High	wayfair vanité salle de bain
500	100-1K	High	rangement pour placard
500	100-1K	High	meuble lavabo rona
500	100-1K	High	lavabo salle de bain sur pied
500	100-1K	High	ikea armoire de rangement cuisine
500	100-1K	High	vanité sur mesure
500	100-1K	High	meuble salle de bain avec lavabo
500	100-1K	High	bain depot meuble lavabo
500	100-1K	High	ikea lavabo salle de bain
500	100-1K	High	prix armoire de cuisine
500	100-1K	High	meuble lavabo 42 pouces
500	100-1K	High	home depot meuble lavabo
500	100-1K	High	ikea armoire cuisine murale
500	100-1K	High	vanite bain depot
500	100-1K	High	vanité de salle de bain 60 pouces
500	100-1K	High	portes armoires cuisine
500	100-1K	High	brick salle a manger
500	100-1K	High	vanité 40 pouces
500	100-1K	High	tiroir coulissant pour armoire de cuisine
500	100-1K	High	bain depot vanite
500	100-1K	High	meuble vanité
500	100-1K	High	caisson armoire ikea
500	100-1K	High	armoire garde manger ikea
500	100-1K	High	rangement pour armoire de cuisine
500	100-1K	High	meuble lavabo 20 pouces
500	100-1K	High	armoire de cuisine moderne
500	100-1K	High	ikea porte armoire cuisine
500	100-1K	High	vanité salle de bain sur mesure
500	100-1K	Medium	thermoplastique armoire
500	100-1K	High	rangement de placard
500	100-1K	High	meuble avec lavabo salle de bain
500	100-1K	High	armoire a epice
500	100-1K	High	meuble lavabo home depot
500	100-1K	High	meuble de rangement pour cuisine
500	100-1K	High	vanité bois
500	100-1K	High	meuble lavabo en bois
500	100-1K	High	rangement cuisine armoire
500	100-1K	High	lavabo sous plan salle de bain
500	100-1K	High	lavabo sur pied salle de bain
500	100-1K	High	caisson armoire cuisine
500	100-1K	High	meuble lavabo 40 pouces
500	100-1K	High	vanité de salle de bain 48 pouces
500	100-1K	High	vanité murale salle de bain
500	100-1K	High	meuble de rangement de cuisine
500	100-1K	High	armoire cuisine rona
500	100-1K	High	vanité salle de bain rona
500	100-1K	High	lavabo ikea salle de bain
500	100-1K	High	vanité 32 pouces
500	100-1K	High	vanité salle de bain double
500	100-1K	High	meuble de salle de bain avec lavabo
500	100-1K	High	vanité salle de bain 40 pouces
500	100-1K	High	vanité en bois
500	100-1K	High	vanité de salle de bain 30 pouces
500	100-1K	High	moen robinet salle de bain
500	100-1K	High	rona vanité salle de bain
500	100-1K	High	vanité 48
500	100-1K	High	armoire mélamine
500	100-1K	High	lavabo salle de bain rona
500	100-1K	High	vanité 60 pouces 1 lavabo
500	100-1K	High	caisson pour cuisine
500	100-1K	High	dessus de vanité salle de bain
500	100-1K	High	vanité salle de bain noir
500	100-1K	High	armoire cuisine blanche
500	100-1K	High	lavabo petite salle de bain
500	100-1K	High	meubles de salle de bain sur mesure
500	100-1K	High	vanite ikea
500	100-1K	High	vanité rona
500	100-1K	High	home depot vanité salle de bain
500	100-1K	High	armoire cuisine bois
500	100-1K	High	lavabo avec meuble salle de bain
500	100-1K	High	porte armoire de cuisine
500	100-1K	High	tiroir coulissant pour armoire
500	100-1K	High	armoir cuisine ikea
500	100-1K	High	vanité de salle de bain 36 pouces
500	100-1K	Low	armoires à super prix
500	100-1K	High	ikea armoire vitrée
500	100-1K	High	lavabo rona
500	100-1K	High	lavabo salle de bain double
500	100-1K	High	armoire de cuisine noir
500	100-1K	Medium	armoire en polymère
500	100-1K	High	armoires de cuisine en bois
500	100-1K	High	vanité de salle de bain sur mesure
500	100-1K	High	cuisine armoire blanche
500	100-1K	High	meuble en bois de salle de bain
500	100-1K	High	rangement pour armoire de cuisine en coin
500	100-1K	High	armoire de rangement de cuisine
500	100-1K	High	vanité salle d eau
500	100-1K	High	armoires shaker
500	100-1K	High	armoire de cuisine prix
500	100-1K	High	wrapping armoire cuisine
500	100-1K	High	cuisine caisson
500	100-1K	High	meuble double lavabo
500	100-1K	High	meuble lavabo petit
500	100-1K	High	lavabo de salle de bain avec meuble
500	100-1K	High	placards de rangement
500	100-1K	High	armoir garde manger
500	100-1K	High	ikea lavabo meuble
500	100-1K	Medium	armoire polymère
500	100-1K	High	armoire en mélamine
500	100-1K	High	rangement épices armoire
500	100-1K	High	armoir ikea cuisine
500	100-1K	High	vanite 60 po
500	100-1K	High	lavabo salle de bain vasque
500	100-1K	High	vanité salle de bain moderne
500	100-1K	Medium	miralis armoire
500	100-1K	High	vanité suspendu
500	100-1K	High	armoire de cuisine noire
500	100-1K	High	ikea cabinet cuisine
500	100-1K	High	vanite de salle de bain pas cher
500	100-1K	Medium	armoire en thermoplastique
500	100-1K	High	armoire blanche cuisine
500	100-1K	High	robinetterie lavabo noir
500	100-1K	High	porte d armoires de cuisine
500	100-1K	High	porte armoire shaker
500	100-1K	High	armoires de cuisine rona
500	100-1K	High	prix armoire de cuisine ikea
500	100-1K	High	armoire epice
500	100-1K	High	armoire en coin cuisine
500	100-1K	High	vanité chambre de bain
500	100-1K	High	caissons tiroirs
500	100-1K	High	armoire coin cuisine
500	100-1K	High	meuble rangement de cuisine
500	100-1K	High	porte pour placard coulissante
500	100-1K	High	armoire de cuisine bois
500	100-1K	High	armoire caisson
500	100-1K	High	armoire de cuisine rangement
500	100-1K	High	armoir micro onde
500	100-1K	High	armoire cuisine en bois
500	100-1K	High	meuble de rangement pour la cuisine
500	100-1K	Low	armoire mélamine avant après
500	100-1K	High	porte armoire cuisine ikea
500	100-1K	High	vanite lavabo
500	100-1K	High	rona armoires de cuisine
500	100-1K	High	vanité de salle de bain en bois
500	100-1K	Medium	tendance armoire de cuisine
500	100-1K	High	rangement armoire de cuisine
500	100-1K	High	rona vanité de salle de bain
500	100-1K	High	vanité de chambre de bain
500	100-1K	High	ikea armoires salle de bain
500	100-1K	High	meubles sur mesure salle de bain
500	100-1K	High	meuble avec lavabo pour salle de bain
500	100-1K	High	caisson pour armoire
500	100-1K	High	vanite suspendue
500	100-1K	High	meubles cuisine rangement
500	100-1K	High	vanité bain dépot
500	100-1K	Medium	couleurs armoires de cuisine
500	100-1K	High	armoire haut
500	100-1K	Low	aliment garde manger
500	100-1K	Low	aliments garde manger
500	100-1K	High	armoire bois cuisine
500	100-1K	High	armoire caisson ikea
500	100-1K	High	armoire cuisine blanc
500	100-1K	High	armoire cuisine en coin
500	100-1K	Medium	armoire de cuisine 2 couleurs
500	100-1K	High	armoire de cuisine blanc
500	100-1K	Low	armoire de cuisine en anglais
500	100-1K	High	armoire de salle de bain home depot
500	100-1K	High	armoire en bois cuisine
500	100-1K	Low	armoire melamine avant apres
500	100-1K	Low	armoires créabec
500	100-1K	High	armoires cuisine blanches
500	100-1K	High	armoires cuisine bois
500	100-1K	High	armoires cuisine rona
500	100-1K	High	armoires de cuisine blanche
500	100-1K	High	armoires de cuisine ikea prix
500	100-1K	High	caisson pour cuisine ikea
500	100-1K	High	cuisine armoire bois
500	100-1K	High	cuisine armoires blanches
500	100-1K	High	cuisine meuble rangement
500	100-1K	High	cuisine rangement ikea
500	100-1K	High	home depot vanité de salle de bain
500	100-1K	High	ikea salle de bain lavabo
500	100-1K	High	lavabo de salle de bain ikea
500	100-1K	High	lavabo et vanite
500	100-1K	High	lavabo meuble ikea
500	100-1K	High	meuble cuisine de rangement
500	100-1K	High	meuble de cuisine de rangement
500	100-1K	High	meubles salle de bains sur mesure
500	100-1K	High	petit lavabo meuble
500	100-1K	High	porte pour armoire de cuisine
500	100-1K	High	portes armoires cuisine ikea
500	100-1K	High	prix pour armoire de cuisine
500	100-1K	High	rona salle de bain vanité
500	100-1K	High	tiroir coulissant armoire
500	100-1K	High	vanite salle de bain 36 pouces
500	100-1K	High	vanité de salle de bain home depot
500	100-1K	High	vanité de salle de bain rona
500	100-1K	High	vanité moderne salle de bain
500	100-1K	High	vanité salle de bain home dépot
500	100-1K	High	vanité sur mesure salle de bain
500	100-1K	High	armoire de buanderie
500	100-1K	High	vanité suspendue
500	100-1K	High	ilot central cuisine
500	100-1K	High	hotte aspirante
500	100-1K	High	ilot central
500	100-1K	High	mitigeur douche
500	100-1K	High	hotte ilot
500	100-1K	High	evier inox
500	100-1K	High	evier noir
500	100-1K	High	robinet baignoire
500	100-1K	High	armoire à pharmacie
500	100-1K	High	evier franke
500	100-1K	High	evier sous plan
500	100-1K	High	armoire pharmacie
500	100-1K	High	evier blanco
500	100-1K	High	robinet lavabo
500	100-1K	High	robinetterie
500	100-1K	High	evier blanc
500	100-1K	High	ilot central ikea
500	100-1K	High	evier granit noir
500	100-1K	High	evier granit
500	100-1K	High	hotte de cuisine encastrable
500	100-1K	High	evier ikea
500	100-1K	High	evier cuisine noir
500	100-1K	High	robinet cuisine noir
500	100-1K	High	mitigeur douche thermostatique
500	100-1K	High	comptoir de quartz
500	100-1K	High	robinet salle de bain noir
500	100-1K	High	cuisine avec ilot
500	100-1K	High	evier exterieur
500	100-1K	High	franke evier
500	100-1K	High	robinet evier
500	100-1K	High	comptoir quartz prix
500	100-1K	High	mitigeur de douche
500	100-1K	High	hotte de cuisine liquidation
500	100-1K	High	mitigeur thermostatique douche
500	100-1K	High	blanco evier
500	100-1K	High	robinet thermostatique douche
500	100-1K	High	hotte encastrable 30 pouces
500	100-1K	High	robinet noir salle de bain
500	100-1K	High	robinet mural salle de bain
500	100-1K	Medium	cuisine en l avec ilot
500	100-1K	High	robinet de cuisine avec douchette
500	100-1K	Medium	comptoir granite
500	100-1K	High	comptoir de cuisine quartz
500	100-1K	High	hotte de cuisine silencieuse
500	100-1K	High	hotte cheminée
500	100-1K	High	ilot cuisine ikea
500	100-1K	High	robinet de baignoire
500	100-1K	High	hotte intégrée
500	100-1K	High	evier cuisine blanc
500	100-1K	High	mitigeur douchette
500	100-1K	High	evier de cuisine noir
500	100-1K	High	petit ilot central cuisine
500	100-1K	High	armoire pharmacie salle de bain
500	100-1K	High	armoire buanderie
500	100-1K	High	comptoir de cuisine stratifié
500	100-1K	High	evier blanco silgranit
500	100-1K	High	hotte cuisine encastrable
500	100-1K	High	evier noir cuisine
500	100-1K	High	ikea evier
500	100-1K	High	robinet vasque
500	100-1K	High	hotte de cuisine silencieuse et performante
500	100-1K	High	robinet lavabo salle de bain
500	100-1K	High	robinet noir cuisine
500	100-1K	High	robinet evier cuisine
500	100-1K	High	comptoir stratifié sur mesure
500	100-1K	High	robinet douche thermostatique
500	100-1K	High	douchette robinet cuisine
500	100-1K	High	robinet de lavabo
500	100-1K	High	évier de cuisine liquidation
500	100-1K	High	ilot de cuisine avec rangement
500	100-1K	High	dessus de comptoir
500	100-1K	High	ikea ilot cuisine
500	100-1K	High	robinet de douche thermostatique
500	100-1K	High	hotte de cuisine venmar
500	100-1K	High	evier blanc cuisine
500	100-1K	High	robinet blanco
500	100-1K	High	petit ilot de cuisine
500	100-1K	High	robinet douche noir
500	100-1K	High	prix comptoir quartz
500	100-1K	High	évier cuisine ikea
500	100-1K	High	robinet lavabo noir
500	100-1K	High	hotte charbon
500	100-1K	High	comptoir de cuisine pas cher
500	100-1K	High	robinet de cuisine noir
500	100-1K	High	evier double
500	100-1K	High	dosseret de cuisine
500	100-1K	High	evier en granit
500	100-1K	High	lavabo de cuisine
500	100-1K	High	miroir pharmacie salle de bain
500	100-1K	High	robinet de cuisine moen
500	100-1K	High	hotte venmar
500	100-1K	High	évier franke
500	100-1K	High	hotte de cuisine noir
500	100-1K	High	meuble pharmacie salle de bain
500	100-1K	High	armoire à pharmacie ikea
500	100-1K	High	robinet bain autoportant
500	100-1K	High	cuisine ilot centrale
500	100-1K	High	hotte de cuisine blanche
500	100-1K	High	comptoir cuisine quartz
500	100-1K	High	comptoir en quartz prix
500	100-1K	High	ilot table cuisine
500	100-1K	High	comptoir de granite
500	100-1K	Medium	comptoir de quartz prix
500	100-1K	High	pharmacie miroir
500	100-1K	High	robinet pour baignoire
500	100-1K	High	pharmacie murale
500	100-1K	High	robinet salle de bain douche
500	100-1K	High	meilleur hotte de cuisine
500	100-1K	High	robinetterie noire salle de bain
500	100-1K	High	evier noir granit
500	100-1K	High	hotte de cuisine encastrable silencieuse
500	100-1K	High	armoire pharmacie liquidation
500	100-1K	High	surplus comptoir de cuisine
500	100-1K	High	robinet pour vasque
500	100-1K	High	contoire cuisine
500	100-1K	High	moen robinet cuisine
500	100-1K	High	robinet cuisine ikea
500	100-1K	High	evier en inox
500	100-1K	High	lavabo cuisine noir
500	100-1K	High	comptoir de cuisine en bois
500	100-1K	High	armoire pharmacie miroir
500	100-1K	Medium	comptoir granite prix
500	100-1K	High	hot de cuisine
500	100-1K	High	hotte îlot
500	100-1K	High	hotte de cuisine cheminée
500	100-1K	High	ilot cuisine table
500	100-1K	High	robinet de bain avec douchette
500	100-1K	High	meilleure hotte de cuisine protégez vous
500	100-1K	High	meilleur hotte de cuisine sous armoire
500	100-1K	High	evier en granit noir
500	100-1K	High	comptoir granit
500	100-1K	High	evier cuisine sous plan
500	100-1K	High	armoire pharmacie ikea
500	100-1K	High	hotte de cuisine broan
500	100-1K	High	robinet ikea
500	100-1K	High	comptoir en granite
500	100-1K	High	dessus de comptoir de cuisine
500	100-1K	High	evier de cuisine blanc
500	100-1K	High	comptoir quartz meilleur prix
500	100-1K	High	robinet de douche noir
500	100-1K	High	évier de cuisine ikea
500	100-1K	High	comptoir de cuisine sur mesure
500	100-1K	High	ikea evier cuisine
500	100-1K	High	hotte pour ilot
500	100-1K	High	champlure de cuisine
500	100-1K	High	hotte à charbon
500	100-1K	High	hotte de cuisine ikea
500	100-1K	High	evier double noir
500	100-1K	High	lavabo noir cuisine
500	100-1K	High	hotte de cuisinière
500	100-1K	High	robinet de bain mural
500	100-1K	High	ikea robinet cuisine
500	100-1K	High	evier cuisine blanco
500	100-1K	High	hotte de cuisine sous armoire
500	100-1K	High	hotte sous armoire
500	100-1K	High	pharmacie miroir salle de bain
500	100-1K	High	cuisine avec ilot central et table intégrée
500	100-1K	High	évier de cuisine sous plan
500	100-1K	High	robinet bain mural
500	100-1K	High	robinet cuisine moen
500	100-1K	High	comptoir ilot
500	100-1K	High	comptoir de cuisine ikea
500	100-1K	High	evier sous plan blanco
500	100-1K	High	evier de bar
500	100-1K	High	hotte de cuisine 30 pouces
500	100-1K	High	comptoir cuisine stratifié
500	100-1K	High	evier bar
500	100-1K	High	robinetterie murale
500	100-1K	High	ilot de cuisine sur roulette
500	100-1K	High	comptoir de cuisine quartz prix
500	100-1K	High	robinet cuisine blanco
500	100-1K	High	petit îlot central cuisine
500	100-1K	High	douche robinet
500	100-1K	High	robinet baignoire 4 trous
500	100-1K	High	îlot de cuisine rona
500	100-1K	High	comptoir salle de bain stratifié
500	100-1K	High	hotte de cuisine 24 pouces
500	100-1K	High	table ilot cuisine
500	100-1K	High	meilleur robinet de cuisine
500	100-1K	High	hotte de cuisine home depot
500	100-1K	High	robinet bain douche noir
500	100-1K	High	hotte au charbon
500	100-1K	High	evier granite
500	100-1K	High	robinet pour douche
500	100-1K	High	évier de cuisine blanco
500	100-1K	High	comptoir de cuisine en quartz
500	100-1K	High	robinet pour lavabo
500	100-1K	High	ilot central petite cuisine
500	100-1K	High	moen robinet douche
500	100-1K	High	robinet de bain autoportant
500	100-1K	High	robinet moen cuisine
500	100-1K	High	robinet evier salle de bain
500	100-1K	High	table ilot de cuisine
500	100-1K	High	evier double cuisine
500	100-1K	High	cuisine îlot central
500	100-1K	High	armoire à pharmacie salle de bain
500	100-1K	High	mitigeur pour douche
500	100-1K	High	douchette pour robinet cuisine
500	100-1K	High	lavabo double cuisine
500	100-1K	High	evier sous plan cuisine
500	100-1K	High	évier de cuisine double
500	100-1K	High	robinet douchette noir
500	100-1K	High	hotte de poele encastrable
500	100-1K	High	ventilateur cuisine
500	100-1K	High	hotte de four
500	100-1K	High	robinet de douche moen
500	100-1K	High	double evier
500	100-1K	High	armoire murale salle de lavage
500	100-1K	High	douchette encastrable
500	100-1K	High	comptoir quartz blanc
500	100-1K	High	comptoir stratifié sur mesure prix
500	100-1K	High	blanco évier
500	100-1K	High	ikea robinet
500	100-1K	Medium	prix comptoir granite
500	100-1K	High	hotte poele
500	100-1K	Medium	comptoir en granite prix
500	100-1K	High	evier stainless
500	100-1K	High	rona robinet salle de bain
500	100-1K	High	comptoir de granit
500	100-1K	Medium	comptoir de cuisine granite
500	100-1K	High	douche mitigeur
500	100-1K	High	hotte commerciale
500	100-1K	High	champlure de bain
500	100-1K	High	comptoir cuisine bois
500	100-1K	High	ilot sur roulette
500	100-1K	High	riobel robinet cuisine
500	100-1K	High	ventilateur de cuisine
500	100-1K	High	ancona hotte
500	100-1K	High	ikea robinet salle de bain
500	100-1K	High	hotte de poele venmar
500	100-1K	High	comptoir ilot cuisine
500	100-1K	High	hotte de cuisine au charbon
500	100-1K	High	ikea comptoir quartz
500	100-1K	High	comptoir cuisine ikea
500	100-1K	High	pharmacie avec miroir
500	100-1K	High	dosseret cuisine tendance
500	100-1K	High	hotte de cuisine encastrable 30 pouces
500	100-1K	High	ilot cuisine exterieur
500	100-1K	High	îlot central pour cuisine
500	100-1K	High	douchette robinet
500	100-1K	High	evier tablier
500	100-1K	High	robinet de salle de bain noir
500	100-1K	High	robinet salle de bain moen
500	100-1K	High	blanco evier cuisine
500	100-1K	High	home depot hotte de cuisine
500	100-1K	High	comptoir acier inoxydable
500	100-1K	High	evier cuisine double
500	100-1K	High	comptoir quartz ikea
500	100-1K	High	cuisine avec îlot
500	100-1K	High	lavabo cuisine blanc
500	100-1K	High	champlure de douche
500	100-1K	High	comptoir stratifié imitation bois
500	100-1K	High	quartz comptoir prix
500	100-1K	High	double evier cuisine
500	100-1K	High	robinet moen salle de bain
500	100-1K	High	lavabo cuisine ikea
500	100-1K	High	robinet de lavabo salle de bain
500	100-1K	High	comptoir prémoulé
500	100-1K	High	dessus de comptoir en bois
500	100-1K	High	comptoir melamine
500	100-1K	High	ilot bois
500	100-1K	High	dosseret cuisine moderne
500	100-1K	High	comptoir vanité salle de bain
500	100-1K	High	îlot de cuisine walmart
500	100-1K	High	ikea hotte de cuisine
500	100-1K	High	comptoir bélanger
500	100-1K	High	robinet douchette salle de bain
500	100-1K	High	comptoir en bois massif
500	100-1K	High	comptoir formica
500	100-1K	High	robinet delta cuisine
500	100-1K	High	delta robinet cuisine
500	100-1K	High	robinet salle de bain 3 trous
500	100-1K	High	robinet bain avec douchette
500	100-1K	High	l évier de cuisine
500	100-1K	High	évier blanco sous plan
500	100-1K	High	robinet douche moen
500	100-1K	High	évier de cuisine simple
500	100-1K	High	robinet de bain douche
500	100-1K	High	évier farmhouse
500	100-1K	High	robinet pour evier
500	100-1K	High	robinet 4 trous baignoire
500	100-1K	High	lavabo blanc cuisine
500	100-1K	High	evier en granite
500	100-1K	High	évier salle de lavage
500	100-1K	High	pharmacie salle de bain walmart
500	100-1K	High	pomme de douche rona
500	100-1K	High	robinet riobel cuisine
500	100-1K	High	robinet delta salle de bain
500	100-1K	Medium	comptoir de cuisine en granite
500	100-1K	High	dosseret salle de bain tendance
500	100-1K	High	ilot de cuisine en bois
500	100-1K	High	robinet de cuisine delta
500	100-1K	High	robinetterie baril
500	100-1K	High	robinet thermostatique pour douche
500	100-1K	High	riobel robinet salle de bain
500	100-1K	High	grand îlot de cuisine ikea
500	100-1K	High	ilot de cuisine bois
500	100-1K	High	robinet salle de bain ikea
500	100-1K	High	blanco robinet cuisine
500	100-1K	High	hotte de cuisine best
500	100-1K	High	comptoir en marbre
500	100-1K	High	home depot robinet salle de bain
500	100-1K	High	home depot robinet cuisine
500	100-1K	High	blanco evier sous plan
500	100-1K	High	lavabo cuisine double
500	100-1K	High	ilot avec table intégrée
500	100-1K	High	dosseret cuisine blanc
500	100-1K	Medium	comptoir quartz ou granit
500	100-1K	High	comptoir en granit
500	100-1K	High	cuisine l avec ilot
500	100-1K	High	évier de cuisine home depot
500	100-1K	High	meilleur prix comptoir quartz
500	100-1K	High	double evier noir
500	100-1K	High	comptoir arborite
500	100-1K	High	hotte de cuisine charbon
500	100-1K	High	pharmacie meuble salle de bain
500	100-1K	High	pharmacie de salle de bain avec miroir
500	100-1K	High	comptoir de cuisine bois
500	100-1K	High	ilot en bois
500	100-1K	High	comptoir salle de bain quartz
500	100-1K	Low	l évier
500	100-1K	High	robinet lavabo salle de bain 3 trous
500	100-1K	High	dessus comptoir
500	100-1K	High	robinet salle de bain rona
500	100-1K	High	ikea armoire pharmacie
500	100-1K	High	îlot centrale cuisine
500	100-1K	High	ikea comptoir cuisine
500	100-1K	High	comptoir en acier inoxydable
500	100-1K	High	evier noir en granit
500	100-1K	Medium	comptoir cuisine granite
500	100-1K	High	home depot comptoir
500	100-1K	High	comptoirs de cuisine stratifié
500	100-1K	High	pharmacie salle de bain ikea
500	100-1K	High	table cuisine ilot
500	100-1K	High	inox evier
500	100-1K	Medium	comptoir granite ou quartz
500	100-1K	High	ilot de cuisine table
500	100-1K	High	robinet de douche belanger
500	100-1K	High	quartz blanc comptoir
500	100-1K	High	douche robinet thermostatique
500	100-1K	High	douche mitigeur thermostatique
500	100-1K	High	robinet douche riobel
500	100-1K	Medium	comptoir en béton
500	100-1K	High	évier kindred
500	100-1K	High	kindred evier
500	100-1K	High	ilot comptoir
500	100-1K	High	ilots de cuisine avec rangement
500	100-1K	High	robinet de lavabo de salle de bain
500	100-1K	High	comptoir quartz salle de bain
500	100-1K	High	cuisine et ilot central
500	100-1K	High	robinet de douche complet
500	100-1K	High	zephyr hotte
500	100-1K	High	comptoir bois ikea
500	100-1K	High	hotte aspiration
500	100-1K	High	robinet de cuisine bélanger
500	100-1K	High	liquidation hotte de cuisine
500	100-1K	High	ikea cuisine ilot
500	100-1K	High	robinet de cuisine home depot
500	100-1K	High	robinet 3 trous salle de bain
500	100-1K	High	home depot evier cuisine
500	100-1K	High	robinetterie salle de bain douche
500	100-1K	High	céramique pour dosseret de cuisine
500	100-1K	High	îlot de cuisine home depot
500	100-1K	High	prix comptoir en quartz
500	100-1K	High	ikea lavabo cuisine
500	100-1K	High	comptoir de cuisine en quartz prix
500	100-1K	Medium	prix comptoir quartz ikea
500	100-1K	Medium	comptoir en granite ou quartz
500	100-1K	High	best hotte de cuisine
500	100-1K	High	robinet douche belanger
500	100-1K	High	ilot central pour petite cuisine
500	100-1K	Low	prémoulé comptoir
500	100-1K	High	evier utilitaire
500	100-1K	High	robinet riobel salle de bain
500	100-1K	High	robinet salle de bain riobel
500	100-1K	High	rona robinet douche
500	100-1K	High	robinet baignoire autoportant
500	100-1K	High	armoires pharmacie
500	100-1K	High	prix quartz comptoir
500	100-1K	High	robinet de douche rona
500	100-1K	High	îlot centrale
500	100-1K	High	vasque et robinet
500	100-1K	High	evier robinet
500	100-1K	High	robinet salle de bain canadian tire
500	100-1K	High	mitigeur thermostatique pour douche
500	100-1K	High	evier pour exterieur
500	100-1K	High	hotte de cuisine encastrée
500	100-1K	High	kohler robinet cuisine
500	100-1K	High	comptoir de salle de bain ikea
500	100-1K	Medium	comptoir stratifié imitation quartz
500	100-1K	High	hottes falmec
500	100-1K	High	robinet blanco cuisine
500	100-1K	High	cuisine ilot table
500	100-1K	High	évier bedaine
500	100-1K	High	riobel robinet douche
500	100-1K	High	pharmacie salle de bain avec miroir
500	100-1K	High	comptoir de cuisine rona
500	100-1K	High	évier ikea cuisine
500	100-1K	High	hotte cuisine cheminée
500	100-1K	High	robinet cuisine belanger
500	100-1K	High	pharmacie encastrée
500	100-1K	High	comptoir de cuisine en stratifié
500	100-1K	Low	un évier
500	100-1K	High	evier lavabo
500	100-1K	High	robinet douche salle de bain
500	100-1K	High	quartz comptoir de cuisine
500	100-1K	High	bloc de boucher comptoir
500	100-1K	High	robinet de baignoire autoportant
500	100-1K	Medium	comptoir granit prix
500	100-1K	High	céramique dosseret de cuisine
500	100-1K	High	rona ilot de cuisine
500	100-1K	High	robinet salle de bain douchette
500	100-1K	High	venmar hotte de cuisine
500	100-1K	High	comptoir en arborite
500	100-1K	High	robinetterie kalia
500	100-1K	High	ikea îlot central
500	100-1K	Medium	prix comptoir de quartz
500	100-1K	High	prix d un comptoir en quartz
500	100-1K	High	robinet de bain mural avec douchette
500	100-1K	High	ilot table de cuisine
500	100-1K	High	comptoir de cuisine en céramique
500	100-1K	High	ikea comptoir îlot
500	100-1K	High	meuble salle de bain pharmacie
500	100-1K	Medium	comptoir de cuisine en granit
500	100-1K	High	hotte sur ilot
500	100-1K	High	lavabo ikea cuisine
500	100-1K	High	comptoir bloc de boucher
500	100-1K	High	comptoir cuisine home depot
500	100-1K	High	éviers blanco
500	100-1K	High	robinet salle de bain home depot
500	100-1K	High	ikea armoire à pharmacie
500	100-1K	High	ilots cuisine ikea
500	100-1K	High	comptoir en bois ikea
500	100-1K	High	ikea comptoir bois
500	100-1K	High	hotte encastrable cuisine
500	100-1K	High	comptoir de salle de bain en quartz
500	100-1K	High	evier nautika
500	100-1K	High	ikea cuisine evier
500	100-1K	High	comptoir pour ilot
500	100-1K	High	table de cuisine ilot
500	100-1K	High	hotte cheminée de cuisine
500	100-1K	High	comptoir de vanité de salle de bain
500	100-1K	High	robinetterie kohler
500	100-1K	High	baignoire robinet
500	100-1K	High	petit ilot centrale cuisine
500	100-1K	High	dosseret de cuisine en céramique
500	100-1K	High	robinetterie noire douche
500	100-1K	High	robinetterie belanger
500	100-1K	High	lavabo robinet
500	100-1K	High	ikea comptoir de cuisine
500	100-1K	High	robinet pour evier cuisine
500	100-1K	High	comptoirs de cuisine quartz
500	100-1K	High	pharmacie avec miroir pour salle de bain
500	100-1K	High	comptoir cuisine rona
500	100-1K	High	cuisine evier noir
500	100-1K	High	céramique de cuisine dosseret
500	100-1K	High	rona comptoir cuisine
500	100-1K	High	canadian tire robinet salle de bain
500	100-1K	High	comptoir bois cuisine
500	100-1K	High	home depot comptoir cuisine
500	100-1K	High	robinet de salle de bain moen
500	100-1K	High	comptoire en quartz prix
500	100-1K	High	robinet de salle de bain mural
500	100-1K	High	robinet salle de bain bmr
500	100-1K	High	robinet douche rona
500	100-1K	High	robinet de cuisine moen en special
500	100-1K	Medium	comptoir en quartz ou granit
500	100-1K	High	robinet d évier cuisine
500	100-1K	High	petite cuisine ilot central
500	100-1K	High	robinet de cuisine belanger
500	100-1K	Medium	comptoir en céramique
500	100-1K	High	îlot cuisine extérieur
500	100-1K	High	hotte cheminée cuisine
500	100-1K	High	ikea pharmacie salle de bain
500	100-1K	High	armoire pharmacie de salle de bain
500	100-1K	High	armoire pharmacie pour salle de bain
500	100-1K	High	armoire salle de bain pharmacie
500	100-1K	High	baril robinet cuisine
500	100-1K	High	belanger robinet cuisine
500	100-1K	High	bélanger robinet cuisine
500	100-1K	Medium	ceramique comptoir cuisine
500	100-1K	High	ceramique pour dosseret de cuisine
500	100-1K	Medium	comptoir cuisine ceramique
500	100-1K	Medium	comptoir cuisine en ceramique
500	100-1K	Medium	comptoir céramique cuisine
500	100-1K	High	comptoir de bois cuisine
500	100-1K	High	comptoir de cuisine ceramique
500	100-1K	High	comptoir de cuisine céramique
500	100-1K	High	comptoir de céramique cuisine
500	100-1K	High	comptoir en bois cuisine
500	100-1K	Medium	comptoir en céramique cuisine
500	100-1K	High	comptoir en quartz blanc
500	100-1K	High	comptoir ikea bois
500	100-1K	High	comptoir ikea cuisine
500	100-1K	High	comptoir mélamine
500	100-1K	Medium	comptoir quartz ou granite
500	100-1K	High	comptoir salle de bain ikea
500	100-1K	High	comptoir stratifié rona
500	100-1K	High	comptoire corian
500	100-1K	Medium	comptoire cuisine granite
500	100-1K	Medium	comptoire de cuisine granite
500	100-1K	High	comptoire quartz ikea
500	100-1K	High	comptoirs de cuisine en bois
500	100-1K	High	comptoirs de cuisine ikea
500	100-1K	Medium	cuisine avec ilot en l
500	100-1K	High	cuisine comptoir bois
500	100-1K	High	cuisine comptoir quartz
500	100-1K	High	cuisine en ilot central
500	100-1K	High	cuisine hotte encastrable
500	100-1K	High	cuisine ikea evier
500	100-1K	High	cuisine ikea ilot
500	100-1K	High	cuisine ilot ikea
500	100-1K	High	cuisine petit ilot central
500	100-1K	High	cuisine table ilot
500	100-1K	High	cuisine îlot centrale
500	100-1K	Medium	céramique comptoir cuisine
500	100-1K	High	céramique de comptoir cuisine
500	100-1K	High	céramique pour comptoir de cuisine
500	100-1K	High	delta robinet de cuisine
500	100-1K	High	dessus comptoir de cuisine
500	100-1K	High	dessus de comptoir cuisine
500	100-1K	High	dosseret cuisine farmhouse
500	100-1K	High	dosseret de cuisine ceramique
500	100-1K	High	dosseret de céramique cuisine
500	100-1K	High	douche robinet cuisine
500	100-1K	High	evier et lavabo
500	100-1K	High	evier et robinet cuisine
500	100-1K	High	evier ou lavabo
500	100-1K	High	granit evier
500	100-1K	High	home depot ilot de cuisine
500	100-1K	High	home depot robinet de cuisine
500	100-1K	High	ikea comptoir salle de bain
500	100-1K	High	ikea comptoir stratifié
500	100-1K	High	ikea comptoire de cuisine
500	100-1K	High	ikea cuisine comptoir
500	100-1K	High	ikea cuisine robinet
500	100-1K	High	ikea evier de cuisine
500	100-1K	High	ikea ilots cuisine
500	100-1K	High	ikéa ilot central
500	100-1K	High	ilot central dans petite cuisine
500	100-1K	High	ilot central ikéa
500	100-1K	High	ilot centrale pour cuisine
500	100-1K	High	ilot centrale pour petite cuisine
500	100-1K	High	ilot cuisine et table
500	100-1K	High	ilot de cuisine et table
500	100-1K	High	ilot de cuisine home depot
500	100-1K	High	ilot de cuisine sur roue
500	100-1K	High	ilot de cuisine walmart
500	100-1K	High	ilot et table de cuisine
500	100-1K	High	ilot pour cuisine ikea
500	100-1K	High	kalia robinetterie
500	100-1K	High	kohler robinetterie
500	100-1K	Low	l evier
500	100-1K	High	lavabo de la cuisine
500	100-1K	High	lavabo et evier
500	100-1K	High	lavabo et robinet
500	100-1K	High	lavabo evier
500	100-1K	High	mitigeur pour douchette
500	100-1K	High	mitigeur robinetterie
500	100-1K	High	moen pomme de douche
500	100-1K	High	moen robinet de cuisine
500	100-1K	High	moen robinet de douche
500	100-1K	High	nautika evier
500	100-1K	High	pharmacie de salle de bain ikea
500	100-1K	High	robinet belanger cuisine
500	100-1K	High	robinet belanger douche
500	100-1K	High	robinet cuisine baril
500	100-1K	High	robinet cuisine evier
500	100-1K	High	robinet cuisine kohler
500	100-1K	High	robinet de bain et douche
500	100-1K	High	robinet de douche bélanger
500	100-1K	High	robinet de salle de bain rona
500	100-1K	High	robinet douche bélanger
500	100-1K	High	robinet kohler cuisine
500	100-1K	High	robinet moen douche
500	100-1K	High	robinet mural de bain
500	100-1K	High	robinet sur evier
500	100-1K	High	robinets thermostatiques douche
500	100-1K	High	robinetterie blanc
500	100-1K	High	robinetterie home depot
500	100-1K	High	robinetterie mitigeur
500	100-1K	High	robinetterie moen salle de bain
500	100-1K	High	robinetterie pfister
500	100-1K	High	robinetterie tassili
500	100-1K	High	robinetterie toilette
500	100-1K	High	rona comptoir de cuisine
500	100-1K	High	rona comptoir stratifié
500	100-1K	High	rona robinet de douche
500	100-1K	High	table îlot cuisine
500	100-1K	High	tendance dosseret cuisine
500	100-1K	High	thermostatique robinet douche
500	100-1K	High	îlot cuisine table